snap_time,ticker,close_time,strike,tau,spot,yes_bid_dollars,yes_ask_dollars,mid,p_flat,p_skew
2026-10-06 16:35:42.487065+00:00,KXBTCD-26OCT0613-T86099.99,2026-10-06 17:00:00+00:00,86099.99,24.29188225,85608.04,0.01,0.02,0.015,0.007973551969485015,0.01451005870647999
2026-10-06 16:35:42.487065+00:00,KXBTCD-26OCT0613-T85999.99,2026-10-06 17:00:00+00:00,85999.99,24.29188225,85608.04,0.05,0.06,0.055,0.027329957453720022,0.028815142903176348
2026-10-06 16:35:42.487065+00:00,KXBTCD-26OCT0613-T85899.99,2026-10-06 17:00:00+00:00,85899.99,24.29188225,85608.04,0.08,0.09,0.08499999999999999,0.07600793444873766,0.057201885478094405
2026-10-06 16:35:42.487065+00:00,KXBTCD-26OCT0613-T85799.99,2026-10-06 17:00:00+00:00,85799.99,24.29188225,85608.04,0.19,0.2,0.195,0.17290312902285465,0.11314536093352631
2026-10-06 16:35:42.487065+00:00,KXBTCD-26OCT0613-T85699.99,2026-10-06 17:00:00+00:00,85699.99,24.29188225,85608.04,0.38,0.39,0.385,0.32545743507837266,0.3989457843955242
2026-10-06 16:35:42.487065+00:00,KXBTCD-26OCT0613-T85599.99,2026-10-06 17:00:00+00:00,85599.99,24.29188225,85608.04,0.58,0.59,0.585,0.5152933561980996,0.6098964677085927
2026-10-06 16:35:42.487065+00:00,KXBTCD-26OCT0613-T85499.99,2026-10-06 17:00:00+00:00,85499.99,24.29188225,85608.04,0.77,0.78,0.775,0.7018586271781806,0.7581934413585287
2026-10-06 16:35:42.487065+00:00,KXBTCD-26OCT0613-T85399.99,2026-10-06 17:00:00+00:00,85399.99,24.29188225,85608.04,0.88,0.89,0.885,0.846547594080265,0.8537733760277175
2026-10-06 16:35:42.487065+00:00,KXBTCD-26OCT0613-T85299.99,2026-10-06 17:00:00+00:00,85299.99,24.29188225,85608.04,0.94,0.95,0.945,0.9350250197074518,0.912779111055791
2026-10-06 16:35:42.487065+00:00,KXBTCD-26OCT0613-T85199.99,2026-10-06 17:00:00+00:00,85199.99,24.29188225,85608.04,0.98,0.99,0.985,0.9776484790778458,0.9483889743261438
2026-10-06 16:35:42.487065+00:00,KXBTCD-26OCT0613-T85099.99,2026-10-06 17:00:00+00:00,85099.99,24.29188225,85608.04,0.98,0.99,0.985,0.9938105677530097,0.9696072891191567
2026-10-06 16:35:42.487065+00:00,KXBTCD-26OCT0617-T87749.99,2026-10-06 21:00:00+00:00,87749.99,264.29188225,85608.04,0.01,0.02,0.015,0.0009225972941703242,0.005366994497212254
2026-10-06 16:35:42.487065+00:00,KXBTCD-26OCT0617-T87499.99,2026-10-06 21:00:00+00:00,87499.99,264.29188225,85608.04,0.01,0.02,0.015,0.0029344509984166045,0.008889778602956838
2026-10-06 16:35:42.487065+00:00,KXBTCD-26OCT0617-T87249.99,2026-10-06 21:00:00+00:00,87249.99,264.29188225,85608.04,0.01,0.02,0.015,0.008311828570513047,0.014752877672472364
2026-10-06 16:35:42.487065+00:00,KXBTCD-26OCT0617-T86999.99,2026-10-06 21:00:00+00:00,86999.99,264.29188225,85608.04,0.02,0.03,0.025,0.020985673301184282,0.024522446095660608
2026-10-06 16:35:42.487065+00:00,KXBTCD-26OCT0617-T86749.99,2026-10-06 21:00:00+00:00,86749.99,264.29188225,85608.04,0.03,0.05,0.04,0.04729749864694954,0.040805866185113136
2026-10-06 16:35:42.487065+00:00,KXBTCD-26OCT0617-T86499.99,2026-10-06 21:00:00+00:00,86499.99,264.29188225,85608.04,0.07,0.08,0.07500000000000001,0.09536306541601203,0.06791041494558553
2026-10-06 16:35:42.487065+00:00,KXBTCD-26OCT0617-T86249.99,2026-10-06 21:00:00+00:00,86249.99,264.29188225,85608.04,0.13,0.14,0.135,0.1725400775407705,0.11283699719411286
2026-10-06 16:35:42.487065+00:00,KXBTCD-26OCT0617-T85999.99,2026-10-06 21:00:00+00:00,85999.99,264.29188225,85608.04,0.25,0.26,0.255,0.2813421980631281,0.18756849562375594
2026-10-06 16:35:42.487065+00:00,KXBTCD-26OCT0617-T85749.99,2026-10-06 21:00:00+00:00,85749.99,264.29188225,85608.04,0.42,0.43,0.425,0.4158666372932829,0.5099341160719514
2026-10-06 16:35:42.487065+00:00,KXBTCD-26OCT0617-T85499.99,2026-10-06 21:00:00+00:00,85499.99,264.29188225,85608.04,0.62,0.63,0.625,0.5615776692885546,0.6505053631779549
2026-10-06 16:35:42.487065+00:00,KXBTCD-26OCT0617-T85249.99,2026-10-06 21:00:00+00:00,85249.99,264.29188225,85608.04,0.79,0.8,0.795,0.699685389597244,0.7563474323353933
2026-10-06 16:35:42.487065+00:00,KXBTCD-26OCT0617-T84999.99,2026-10-06 21:00:00+00:00,84999.99,264.29188225,85608.04,0.87,0.88,0.875,0.8140991710111829,0.8325803680262609
2026-10-06 16:35:42.487065+00:00,KXBTCD-26OCT0617-T84749.99,2026-10-06 21:00:00+00:00,84749.99,264.29188225,85608.04,0.95,0.96,0.955,0.8968491161037707,0.8860645086614505
2026-10-06 16:35:42.487065+00:00,KXBTCD-26OCT0617-T84499.99,2026-10-06 21:00:00+00:00,84499.99,264.29188225,85608.04,0.96,0.97,0.965,0.9490374703695486,0.9229766805422406
2026-10-06 16:35:42.487065+00:00,KXBTCD-26OCT0617-T84249.99,2026-10-06 21:00:00+00:00,84249.99,264.29188225,85608.04,0.98,0.99,0.985,0.977704107972648,0.9481781165055904
2026-10-06 16:35:42.487065+00:00,KXBTCD-26OCT0917-T94499.99,2026-10-09 21:00:00+00:00,94499.99,4584.2918822500005,85608.04,0.01,0.03,0.02,0.0013536302079253382,0.006126568780758288
2026-10-06 16:35:42.487065+00:00,KXBTCD-26OCT0917-T93499.99,2026-10-09 21:00:00+00:00,93499.99,4584.2918822500005,85608.04,0.01,0.03,0.02,0.003702368652631516,0.009661143266497668
2026-10-06 16:35:42.487065+00:00,KXBTCD-26OCT0917-T92999.99,2026-10-09 21:00:00+00:00,92999.99,4584.2918822500005,85608.04,0.01,0.04,0.025,0.005930753805701405,0.012155884993017032
2026-10-06 16:35:42.487065+00:00,KXBTCD-26OCT0917-T91999.99,2026-10-09 21:00:00+00:00,91999.99,4584.2918822500005,85608.04,0.02,0.04,0.03,0.014264158534295857,0.019318858861081978
2026-10-06 16:35:42.487065+00:00,KXBTCD-26OCT0917-T91499.99,2026-10-09 21:00:00+00:00,91499.99,4584.2918822500005,85608.04,0.04,0.05,0.045,0.02140985974337284,0.024400338537914575
2026-10-06 16:35:42.487065+00:00,KXBTCD-26OCT0917-T90999.99,2026-10-09 21:00:00+00:00,90999.99,4584.2918822500005,85608.04,0.04,0.05,0.045,0.031436862023883294,0.030855324096426426
2026-10-06 16:35:42.487065+00:00,KXBTCD-26OCT0917-T90499.99,2026-10-09 21:00:00+00:00,90499.99,4584.2918822500005,85608.04,0.05,0.06,0.055,0.045152460709447784,0.03906208125304818
2026-10-06 16:35:42.487065+00:00,KXBTCD-26OCT0917-T89999.99,2026-10-09 21:00:00+00:00,89999.99,4584.2918822500005,85608.04,0.06,0.08,0.07,0.06343297001413606,0.04950295647527174
2026-10-06 16:35:42.487065+00:00,KXBTCD-26OCT0917-T89499.99,2026-10-09 21:00:00+00:00,89499.99,4584.2918822500005,85608.04,0.08,0.09,0.08499999999999999,0.08716311129262944,0.06279155064892153
2026-10-06 16:35:42.487065+00:00,KXBTCD-26OCT0917-T88999.99,2026-10-09 21:00:00+00:00,88999.99,4584.2918822500005,85608.04,0.11,0.12,0.11499999999999999,0.11715166955039269,0.07970552627472086
2026-10-06 16:35:42.487065+00:00,KXBTCD-26OCT0917-T88499.99,2026-10-09 21:00:00+00:00,88499.99,4584.2918822500005,85608.04,0.14,0.15,0.14500000000000002,0.154028601038404,0.10122521460325876
2026-10-06 16:35:42.487065+00:00,KXBTCD-26OCT0917-T87999.99,2026-10-09 21:00:00+00:00,87999.99,4584.2918822500005,85608.04,0.18,0.19,0.185,0.198134274851955,0.1285799594463255
2026-10-06 16:35:42.487065+00:00,KXBTCD-26OCT0917-T87499.99,2026-10-09 21:00:00+00:00,87499.99,4584.2918822500005,85608.04,0.23,0.24,0.235,0.24941651375880203,0.1633681531109408
2026-10-06 16:35:42.487065+00:00,KXBTCD-26OCT0917-T86999.99,2026-10-09 21:00:00+00:00,86999.99,4584.2918822500005,85608.04,0.3,0.31,0.305,0.3073540895071899,0.37438924224319237
2026-10-06 16:35:42.487065+00:00,KXBTCD-26OCT0917-T86499.99,2026-10-09 21:00:00+00:00,86499.99,4584.2918822500005,85608.04,0.37,0.38,0.375,0.3709249405596483,0.4588716454958995
2026-10-06 16:35:42.487065+00:00,KXBTCD-26OCT0917-T85999.99,2026-10-09 21:00:00+00:00,85999.99,4584.2918822500005,85608.04,0.44,0.45,0.445,0.438632796965177,0.5347600320859488
2026-10-06 16:35:42.487065+00:00,KXBTCD-26OCT0917-T85499.99,2026-10-09 21:00:00+00:00,85499.99,4584.2918822500005,85608.04,0.53,0.54,0.535,0.5085972934658297,0.6032337955425454
2026-10-06 16:35:42.487065+00:00,KXBTCD-26OCT0917-T84999.99,2026-10-09 21:00:00+00:00,84999.99,4584.2918822500005,85608.04,0.61,0.62,0.615,0.5787013959591691,0.6638838030430132
2026-10-06 16:35:42.487065+00:00,KXBTCD-26OCT0917-T84499.99,2026-10-09 21:00:00+00:00,84499.99,4584.2918822500005,85608.04,0.68,0.69,0.685,0.6467784487513926,0.7168404514248331
2026-10-06 16:35:42.487065+00:00,KXBTCD-26OCT0917-T83999.99,2026-10-09 21:00:00+00:00,83999.99,4584.2918822500005,85608.04,0.75,0.76,0.755,0.7108122222265674,0.7625671315048845
2026-10-06 16:35:42.487065+00:00,KXBTCD-26OCT0917-T83499.99,2026-10-09 21:00:00+00:00,83499.99,4584.2918822500005,85608.04,0.81,0.82,0.815,0.7691194934293601,0.8017035283826346
2026-10-06 16:35:42.487065+00:00,KXBTCD-26OCT0917-T82999.99,2026-10-09 21:00:00+00:00,82999.99,4584.2918822500005,85608.04,0.87,0.88,0.875,0.8204872376264486,0.834961252161103
2026-10-06 16:35:42.487065+00:00,KXBTCD-26OCT0917-T82499.99,2026-10-09 21:00:00+00:00,82499.99,4584.2918822500005,85608.04,0.91,0.92,0.915,0.864245071500515,0.8630580471343211
2026-10-06 16:35:42.487065+00:00,KXBTCD-26OCT0917-T81999.99,2026-10-09 21:00:00+00:00,81999.99,4584.2918822500005,85608.04,0.92,0.93,0.925,0.9002661258829405,0.8866787010490893
2026-10-06 16:35:42.487065+00:00,KXBTCD-26OCT0917-T81499.99,2026-10-09 21:00:00+00:00,81499.99,4584.2918822500005,85608.04,0.94,0.95,0.945,0.928902910421564,0.9064538007945819
2026-10-06 16:35:42.487065+00:00,KXBTCD-26OCT0917-T80999.99,2026-10-09 21:00:00+00:00,80999.99,4584.2918822500005,85608.04,0.96,0.97,0.965,0.950875704543639,0.9229500658881856
2026-10-06 16:35:42.487065+00:00,KXBTCD-26OCT0917-T80499.99,2026-10-09 21:00:00+00:00,80499.99,4584.2918822500005,85608.04,0.97,0.98,0.975,0.9671371586036879,0.9366679484260473
2026-10-06 16:35:42.487065+00:00,KXBTCD-26OCT0917-T79999.99,2026-10-09 21:00:00+00:00,79999.99,4584.2918822500005,85608.04,0.97,0.98,0.975,0.978737214327724,0.9480435964513274
2026-10-06 16:35:42.487065+00:00,KXBTCD-26OCT0917-T78499.99,2026-10-09 21:00:00+00:00,78499.99,4584.2918822500005,85608.04,0.97,0.99,0.98,0.9953336961277567,0.9716142754731028
